location	variant	median_ga	ga_upper_95	ga_lower_95	ga_upper_80	ga_lower_80	ga_upper_50	ga_lower_50
South Africa	Delta	0.9367697	0.99730164	0.8766576	0.9819983	0.9027612	0.9610958	0.9200435
South Africa	Omicron	2.995707	3.740888	2.355454	3.4361634	2.5129051	3.2394168	2.7691302
United Kingdom	Delta	1.1000512	1.1250715	1.0752088	1.117669	1.0850184	1.1075078	1.0907176
United Kingdom	Omicron	3.27292	4.531834	2.1941836	4.068698	2.5343568	3.5741613	2.7947679
