location	variant	median_ga	ga_upper_95	ga_lower_95	ga_upper_80	ga_lower_80	ga_upper_50	ga_lower_50
South Africa	Delta	0.9331449	0.9962554	0.8705977	0.98022866	0.8971398	0.9579751	0.9150084
South Africa	Omicron	2.8436785	3.5299869	2.2252395	3.2497482	2.381752	3.0741608	2.6313586
United Kingdom	Delta	1.0967506	1.1218023	1.0720289	1.1139965	1.0813378	1.1046445	1.0877602
United Kingdom	Omicron	2.6921644	3.7837853	1.8748022	3.3584695	2.0995994	2.9450188	2.3038602
