location	variant	median_ga	ga_upper_95	ga_lower_95	ga_upper_80	ga_lower_80	ga_upper_50	ga_lower_50
Germany	Omicron	2.6666055	3.973506	1.806116	3.4765637	2.048169	3.0686483	2.3295598
Germany	other	1.0310116	1.2568846	0.8574396	1.175054	0.9113556	1.1038591	0.9636566
South Africa	Omicron	3.701191	4.590841	3.001175	4.2668967	3.2217293	3.9955564	3.4525247
South Africa	other	0.91895705	1.0571531	0.80852896	1.0067706	0.84216565	0.96518177	0.87768066
United Kingdom	Omicron	4.961006	6.5221434	3.778924	5.950982	4.1454797	5.4708433	4.5207243
United Kingdom	other	0.8845123	0.9339683	0.8397314	0.9169576	0.85499334	0.9011692	0.86846966
USA	Omicron	3.2110472	4.7003503	2.1990077	4.139798	2.4982665	3.6838331	2.8258471
USA	other	0.9032384	0.95788646	0.85507655	0.93811244	0.87168056	0.9216143	0.8864522
