location	variant	median_ga	ga_upper_95	ga_lower_95	ga_upper_80	ga_lower_80	ga_upper_50	ga_lower_50
South Africa	Delta	0.9341916	0.9969965	0.8745374	0.972008	0.8906498	0.95343196	0.9109434
South Africa	Omicron	2.8474793	3.531672	2.2131164	3.2920966	2.4122734	3.0178251	2.5623555
United Kingdom	Delta	1.0975814	1.121883	1.0732242	1.1121167	1.0799739	1.1062173	1.0902233
United Kingdom	Omicron	2.6880214	3.7443848	1.8181896	3.2904596	2.0200472	2.9909575	2.3408527
