location	variant	median_ga	ga_upper_95	ga_lower_95	ga_upper_80	ga_lower_80	ga_upper_50	ga_lower_50
Germany	Omicron	2.5224953	3.827949	1.675148	3.3398423	1.9126552	2.9276004	2.1887915
Germany	other	1.0401113	1.2688102	0.8633781	1.1869504	0.9182868	1.1144816	0.97177756
South Africa	Omicron	3.991102	4.9782753	3.214771	4.6193852	3.4589417	4.317522	3.7131417
South Africa	other	0.8821654	1.0226994	0.7714737	0.9714868	0.80437785	0.92979026	0.84038246
United Kingdom	Omicron	4.820225	6.56016	3.5451345	5.916377	3.933737	5.388047	4.3424006
United Kingdom	other	0.8905315	0.9430076	0.8437693	0.9246567	0.8596192	0.90817225	0.8738262
USA	Omicron	2.6961534	3.9852867	1.8295448	3.5083864	2.0817916	3.1030402	2.364934
USA	other	0.90711814	0.9652164	0.8564909	0.9443059	0.8740601	0.9268751	0.8895685
