location	variant	median_ga	ga_upper_95	ga_lower_95	ga_upper_80	ga_lower_80	ga_upper_50	ga_lower_50
Germany	Omicron	2.787051	4.1424236	1.919714	3.6108217	2.1722865	3.1961503	2.444896
Germany	other	1.0273793	1.2364986	0.8504961	1.1594255	0.9080582	1.0930717	0.9623841
South Africa	Omicron	3.7036996	4.5982385	2.99489	4.2519836	3.221751	3.9801645	3.4485862
South Africa	other	0.91686046	1.0443778	0.8041709	0.9996816	0.84103066	0.9595202	0.8768165
United Kingdom	Omicron	4.9797873	6.3544927	3.9311278	5.855817	4.2612696	5.412052	4.594582
United Kingdom	other	0.8941207	0.9394643	0.84996223	0.924703	0.8656007	0.9090154	0.879076
USA	Omicron	3.4067025	4.939032	2.3945944	4.3430324	2.69457	3.866073	3.0127249
USA	other	0.89819825	0.9462221	0.85151017	0.9305706	0.8665859	0.91514075	0.8816356
