location	variant	median_ga	ga_upper_95	ga_lower_95	ga_upper_80	ga_lower_80	ga_upper_50	ga_lower_50
Germany	Delta	1.211534	1.317255	1.1227132	1.2722305	1.1431285	1.2425541	1.1746454
Germany	Omicron	2.9406137	3.980654	2.0126648	3.4946742	2.211668	3.2157857	2.5580397
South Africa	Delta	0.9294989	0.9855399	0.87078524	0.9648326	0.889115	0.9472792	0.9075973
South Africa	Omicron	3.608376	4.3570886	2.9540539	4.0126743	3.0775683	3.8570395	3.3759375
United Kingdom	Delta	1.0892172	1.1138998	1.06468	1.1041297	1.0711024	1.0974857	1.0808818
United Kingdom	Omicron	4.2742906	5.482721	3.1830528	5.0438576	3.514001	4.6271505	3.843918
USA	Delta	1.0658011	1.0985904	1.0345738	1.0874591	1.0442834	1.0753965	1.0527285
USA	Omicron	3.3470283	4.6188912	2.2986822	4.0410776	2.507815	3.6448112	2.8549075
