location	variant	median_ga	ga_upper_95	ga_lower_95	ga_upper_80	ga_lower_80	ga_upper_50	ga_lower_50
Germany	Omicron	2.7433317	4.060947	1.8945909	3.5469294	2.1435938	3.1438167	2.4090352
Germany	other	1.0275438	1.2361482	0.8498135	1.1608459	0.90768456	1.0930941	0.96206754
South Africa	Omicron	4.0256987	5.0253577	3.2437267	4.632857	3.4923563	4.3334117	3.7411757
South Africa	other	0.8824323	1.0142471	0.7649146	0.9696625	0.8042583	0.9273864	0.8398802
United Kingdom	Omicron	4.880206	6.254595	3.8375094	5.7557783	4.1667037	5.309823	4.494754
United Kingdom	other	0.8758483	0.91928875	0.833565	0.90528154	0.8484447	0.89014375	0.8614108
USA	Omicron	3.989962	5.8935146	2.740795	5.1695766	3.108633	4.5607224	3.4961128
USA	other	0.89977974	0.95060575	0.8505452	0.9339005	0.866347	0.9177731	0.8823121
