location	variant	median_ga	ga_upper_95	ga_lower_95	ga_upper_80	ga_lower_80	ga_upper_50	ga_lower_50
South Africa	Delta	0.9407213	1.0026572	0.87681335	0.9829617	0.89987344	0.9618123	0.9182229
South Africa	Omicron	3.0424051	3.755766	2.4076638	3.462002	2.5669634	3.2567542	2.7926464
United Kingdom	Delta	1.1049707	1.1317348	1.0770743	1.1239388	1.0875605	1.1167421	1.0982668
United Kingdom	Omicron	3.2863069	4.530437	2.2387674	3.979995	2.4553475	3.583518	2.8061442
