location	variant	median_ga	ga_upper_95	ga_lower_95	ga_upper_80	ga_lower_80	ga_upper_50	ga_lower_50
South Africa	Delta	0.93683195	0.9973834	0.86805385	0.97988427	0.895183	0.95692915	0.9124036
South Africa	Omicron	3.3237016	4.08479	2.7390652	3.732946	2.8539438	3.5403297	3.082622
United Kingdom	Delta	1.0897715	1.1160337	1.0594182	1.1078621	1.0711213	1.099134	1.0798149
United Kingdom	Omicron	3.8155115	5.1365337	2.6436934	4.5848246	2.948022	4.0919657	3.2635703
